"SpendWise Sample Bank: SAMPLE DATA FOR PRACTICE, NOT A REAL ACCOUNT"
Account statement from 01-04-2026 to 30-09-2026

Txn Date,Value Date,Description,Ref No.,Debit,Credit,Balance
01-04-2026,,OPENING BALANCE,,,,12000.00
01-04-2026,01-04-2026,IMPS/P2A/187892434298/MONTHLY ALLOWANCE/SBIN,7864863854,,8000.00,20000.00
01-04-2026,01-04-2026,UPI/DR/789708524141/CHAI POINT/ICIC/chaipoint@ybl/Payment,5519695106,79.00,,19921.00
01-04-2026,01-04-2026,UPI/DR/787217546150/CHAI POINT/ICIC/chaipoint@okhdfcbank/Payment,5699967703,80.00,,19841.00
02-04-2026,02-04-2026,UPI/DR/968968441611/AIRTEL PREPAID/AIRP/airtelpre@paytm/Payment,9015147990,299.00,,19542.00
03-04-2026,03-04-2026,NEFT/N817317797379/SUNRISE PG HOSTEL RENT,8122090039,6500.00,,13042.00
05-04-2026,05-04-2026,UPI/DR/595368489911/CHAI POINT/ICIC/chaipoint@ybl/Payment,3694067780,48.00,,12994.00
06-04-2026,06-04-2026,UPI/DR/745416992612/ZOMATO LTD/HDFC/zomato@ybl/Payment,6763022107,200.00,,12794.00
06-04-2026,06-04-2026,UPI/DR/627857107725/RAPIDO/AXIS/rapido@okhdfcbank/Payment,8658009716,85.00,,12709.00
07-04-2026,07-04-2026,UPI/DR/301029743649/SPOTIFY INDIA/YESB/spotify@paytm/Payment,2962704226,119.00,,12590.00
07-04-2026,07-04-2026,UPI/DR/996891186898/RAPIDO/AXIS/rapido@paytm/Payment,4631319504,114.00,,12476.00
08-04-2026,08-04-2026,UPI/DR/599925675820/SWIGGY/YESB/swiggy@paytm/Payment,1033315931,243.00,,12233.00
09-04-2026,09-04-2026,ACH D- NETFLIX ENTERTAINMENT-4830254,5409700494,199.00,,12034.00
09-04-2026,09-04-2026,UPI/DR/852859923862/SWIGGY/YESB/swiggy@ybl/Payment,5474024661,334.00,,11700.00
09-04-2026,09-04-2026,UPI/DR/209629671710/ZOMATO LTD/HDFC/zomato@okhdfcbank/Payment,3366204424,375.00,,11325.00
09-04-2026,09-04-2026,UPI/DR/913655633625/UBER INDIA/YESB/uber@axl/Payment,1496942639,214.00,,11111.00
10-04-2026,10-04-2026,UPI/DR/379460158538/SWIGGY/YESB/swiggy@okhdfcbank/Payment,6096990728,377.00,,10734.00
10-04-2026,10-04-2026,UPI/DR/794019050114/CHAI POINT/ICIC/chaipoint@ybl/Payment,7186101328,74.00,,10660.00
10-04-2026,10-04-2026,UPI/DR/523060588395/RAPIDO/AXIS/rapido@paytm/Payment,5345222422,114.00,,10546.00
12-04-2026,12-04-2026,UPI/DR/829057612888/RAPIDO/AXIS/rapido@axl/Payment,8154335704,67.00,,10479.00
13-04-2026,13-04-2026,UPI/DR/852713910352/BOOKMYSHOW/ICIC/bookmyshow@okhdfcbank/Payment,3423962565,390.00,,10089.00
13-04-2026,13-04-2026,UPI/DR/742816025219/CHAAYOS/ICIC/chaayos@axl/Payment,2530685848,169.00,,9920.00
14-04-2026,14-04-2026,UPI/DR/724427248510/ZOMATO LTD/HDFC/zomato@ybl/Payment,3781838251,374.00,,9546.00
15-04-2026,15-04-2026,UPI/DR/817855406434/BLINKIT/HDFC/blinkit@okhdfcbank/Payment,2217334734,207.00,,9339.00
15-04-2026,15-04-2026,UPI/DR/933396343049/BARBEQUE NATION/YESB/bbqnation@axl/Payment,9957853807,653.00,,8686.00
16-04-2026,16-04-2026,UPI/DR/337210351701/CHAI POINT/ICIC/chaipoint@ybl/Payment,7026931159,47.00,,8639.00
17-04-2026,17-04-2026,UPI/DR/272780046837/SWIGGY/YESB/swiggy@okhdfcbank/Payment,8760809066,337.00,,8302.00
19-04-2026,19-04-2026,UPI/DR/553240842941/BLINKIT/HDFC/blinkit@ybl/Payment,4620915735,221.00,,8081.00
19-04-2026,19-04-2026,UPI/DR/324641369085/AMAZON/YESB/amazon@okhdfcbank/Payment,9965897436,1032.00,,7049.00
19-04-2026,19-04-2026,UPI/DR/400099251728/TORRENT POWER/HDFC/torrentpower@paytm/Payment,9542949814,703.00,,6346.00
20-04-2026,20-04-2026,UPI/DR/236762755066/SWIGGY/YESB/swiggy@axl/Payment,6336983130,191.00,,6155.00
20-04-2026,20-04-2026,UPI/DR/922747045319/CHAI POINT/ICIC/chaipoint@paytm/Payment,4094779987,44.00,,6111.00
20-04-2026,20-04-2026,UPI/DR/628389877598/RAPIDO/AXIS/rapido@okhdfcbank/Payment,5623032142,136.00,,5975.00
22-04-2026,22-04-2026,UPI/DR/712411166210/RAPIDO/AXIS/rapido@axl/Payment,1052504015,82.00,,5893.00
23-04-2026,23-04-2026,UPI/DR/570757381498/UBER INDIA/YESB/uber@okhdfcbank/Payment,3469049619,241.00,,5652.00
26-04-2026,26-04-2026,UPI/DR/439692384238/RAPIDO/AXIS/rapido@paytm/Payment,5660674684,109.00,,5543.00
27-04-2026,27-04-2026,UPI/DR/212109210836/APOLLO PHARMACY/HDFC/apollo@axl/Payment,1490945520,154.00,,5389.00
28-04-2026,28-04-2026,UPI/DR/614499966148/SWIGGY/YESB/swiggy@okhdfcbank/Payment,9216287869,321.00,,5068.00
01-05-2026,01-05-2026,IMPS/P2A/193009773518/MONTHLY ALLOWANCE/SBIN,2172418527,,8000.00,13068.00
01-05-2026,01-05-2026,UPI/DR/583494861042/SWIGGY/YESB/swiggy@okhdfcbank/Payment,4336385502,262.00,,12806.00
02-05-2026,02-05-2026,UPI/DR/176787356487/AIRTEL PREPAID/AIRP/airtelpre@axl/Payment,5437811586,299.00,,12507.00
02-05-2026,02-05-2026,UPI/DR/869535382240/RAPIDO/AXIS/rapido@ybl/Payment,1113926799,122.00,,12385.00
02-05-2026,02-05-2026,UPI/DR/283524009443/AMAZON/YESB/amazon@paytm/Payment,1027421587,1325.00,,11060.00
03-05-2026,03-05-2026,NEFT/N376669856705/SUNRISE PG HOSTEL RENT,3000693465,6500.00,,4560.00
03-05-2026,03-05-2026,UPI/DR/367954370670/ZOMATO LTD/HDFC/zomato@ybl/Payment,4272375405,390.00,,4170.00
03-05-2026,03-05-2026,UPI/DR/144045359400/RAPIDO/AXIS/rapido@paytm/Payment,4402842243,73.00,,4097.00
03-05-2026,03-05-2026,UPI/DR/380664129834/BLINKIT/HDFC/blinkit@paytm/Payment,6834298706,355.00,,3742.00
03-05-2026,03-05-2026,UPI/DR/190357614554/APOLLO PHARMACY/HDFC/apollo@ybl/Payment,8999357399,202.00,,3540.00
06-05-2026,06-05-2026,UPI/DR/416815234759/SWIGGY/YESB/swiggy@ybl/Payment,2116475388,267.00,,3273.00
06-05-2026,06-05-2026,UPI/DR/798615007124/RAPIDO/AXIS/rapido@ybl/Payment,2836325335,62.00,,3211.00
07-05-2026,07-05-2026,UPI/DR/524842739506/SPOTIFY INDIA/YESB/spotify@okhdfcbank/Payment,4694862870,119.00,,3092.00
09-05-2026,09-05-2026,ACH D- NETFLIX ENTERTAINMENT-3132530,1006105990,199.00,,2893.00
09-05-2026,09-05-2026,UPI/DR/498001757964/BOOKMYSHOW/ICIC/bookmyshow@okhdfcbank/Payment,4473410889,330.00,,2563.00
11-05-2026,11-05-2026,UPI/DR/208200998418/SWIGGY/YESB/swiggy@axl/Payment,6748667978,402.00,,2161.00
13-05-2026,13-05-2026,UPI/DR/869375444513/SWIGGY/YESB/swiggy@ybl/Payment,8561920076,253.00,,1908.00
13-05-2026,13-05-2026,UPI/DR/738784647908/CHAI POINT/ICIC/chaipoint@okhdfcbank/Payment,2816284393,68.00,,1840.00
13-05-2026,13-05-2026,UPI/DR/278850075711/RAPIDO/AXIS/rapido@axl/Payment,6337926261,88.00,,1752.00
14-05-2026,14-05-2026,UPI/DR/618191805670/RAPIDO/AXIS/rapido@okhdfcbank/Payment,7007838128,72.00,,1680.00
15-05-2026,15-05-2026,UPI/DR/873916192738/SWIGGY/YESB/swiggy@axl/Payment,5606232411,197.00,,1483.00
15-05-2026,15-05-2026,UPI/DR/258644199408/ZOMATO LTD/HDFC/zomato@axl/Payment,2637858897,297.00,,1186.00
16-05-2026,16-05-2026,UPI/DR/887550795573/UBER INDIA/YESB/uber@axl/Payment,7956730688,232.00,,954.00
17-05-2026,17-05-2026,UPI/DR/633440558349/TORRENT POWER/HDFC/torrentpower@paytm/Payment,9144470117,644.00,,310.00
20-05-2026,20-05-2026,UPI/DR/817990846824/SWIGGY/YESB/swiggy@okhdfcbank/Payment,1412741991,373.00,,-63.00
20-05-2026,20-05-2026,UPI/DR/797744407716/MYNTRA/ICIC/myntra@paytm/Payment,9750251858,862.00,,-925.00
20-05-2026,20-05-2026,UPI/DR/940253677722/SMAAASH/HDFC/smaaash@okhdfcbank/Payment,9583991412,606.00,,-1531.00
21-05-2026,21-05-2026,UPI/DR/202944593447/CHAI POINT/ICIC/chaipoint@axl/Payment,1617685576,85.00,,-1616.00
21-05-2026,21-05-2026,UPI/DR/915895446754/UBER INDIA/YESB/uber@axl/Payment,9575606256,366.00,,-1982.00
22-05-2026,22-05-2026,UPI/DR/982448775775/CHAI POINT/ICIC/chaipoint@ybl/Payment,9551322694,50.00,,-2032.00
22-05-2026,22-05-2026,UPI/DR/597005835551/BLINKIT/HDFC/blinkit@okhdfcbank/Payment,8189121911,148.00,,-2180.00
25-05-2026,25-05-2026,UPI/DR/932820295596/CHAI POINT/ICIC/chaipoint@ybl/Payment,4619897128,84.00,,-2264.00
26-05-2026,26-05-2026,UPI/DR/674303682319/ZOMATO LTD/HDFC/zomato@axl/Payment,4527941834,307.00,,-2571.00
26-05-2026,26-05-2026,UPI/DR/270755672594/RAPIDO/AXIS/rapido@okhdfcbank/Payment,3815918969,118.00,,-2689.00
28-05-2026,28-05-2026,UPI/DR/765170378582/RAPIDO/AXIS/rapido@okhdfcbank/Payment,6310198919,89.00,,-2778.00
29-05-2026,29-05-2026,UPI/DR/675852258845/CHAAYOS/ICIC/chaayos@axl/Payment,3691868275,167.00,,-2945.00
30-05-2026,30-05-2026,UPI/DR/815389691591/CHAI POINT/ICIC/chaipoint@okhdfcbank/Payment,6536908421,73.00,,-3018.00
31-05-2026,31-05-2026,UPI/DR/345103355421/CHAI POINT/ICIC/chaipoint@axl/Payment,4211507684,76.00,,-3094.00
01-06-2026,01-06-2026,IMPS/P2A/980179742801/MONTHLY ALLOWANCE/SBIN,8996276854,,8000.00,4906.00
01-06-2026,01-06-2026,UPI/DR/106511076005/RAPIDO/AXIS/rapido@paytm/Payment,6824233556,129.00,,4777.00
01-06-2026,01-06-2026,UPI/DR/567743495195/BLINKIT/HDFC/blinkit@paytm/Payment,7138017488,306.00,,4471.00
02-06-2026,02-06-2026,UPI/DR/499732514031/AIRTEL PREPAID/AIRP/airtelpre@paytm/Payment,7405210943,299.00,,4172.00
03-06-2026,03-06-2026,NEFT/N520469563640/SUNRISE PG HOSTEL RENT,7818174458,6500.00,,-2328.00
03-06-2026,03-06-2026,UPI/DR/219766527160/RAPIDO/AXIS/rapido@okhdfcbank/Payment,6410266167,120.00,,-2448.00
05-06-2026,05-06-2026,NEFT/N440615550264/INTERNSHIP STIPEND ACME LABS,5709568929,,15000.00,12552.00
05-06-2026,05-06-2026,UPI/DR/649417092543/SWIGGY/YESB/swiggy@okhdfcbank/Payment,4665804364,206.00,,12346.00
05-06-2026,05-06-2026,UPI/DR/627810767895/ZOMATO LTD/HDFC/zomato@axl/Payment,3985921601,304.00,,12042.00
05-06-2026,05-06-2026,UPI/DR/464858113210/RAPIDO/AXIS/rapido@axl/Payment,9590157741,89.00,,11953.00
06-06-2026,06-06-2026,UPI/DR/414749253397/BARBEQUE NATION/YESB/bbqnation@axl/Payment,8539499798,684.00,,11269.00
07-06-2026,07-06-2026,UPI/DR/535276315961/SPOTIFY INDIA/YESB/spotify@paytm/Payment,6949059431,119.00,,11150.00
09-06-2026,09-06-2026,ACH D- NETFLIX ENTERTAINMENT-3822218,7887174954,199.00,,10951.00
12-06-2026,12-06-2026,UPI/DR/768202990327/SWIGGY/YESB/swiggy@ybl/Payment,7156577971,416.00,,10535.00
12-06-2026,12-06-2026,UPI/DR/668618940621/BLINKIT/HDFC/blinkit@okhdfcbank/Payment,6716992095,282.00,,10253.00
13-06-2026,13-06-2026,UPI/DR/907367468449/RAPIDO/AXIS/rapido@axl/Payment,6576047959,85.00,,10168.00
13-06-2026,13-06-2026,UPI/DR/658794539788/RAPIDO/AXIS/rapido@ybl/Payment,5319078235,118.00,,10050.00
14-06-2026,14-06-2026,UPI/DR/274356607022/AMAZON/YESB/amazon@paytm/Payment,8899822563,993.00,,9057.00
15-06-2026,15-06-2026,UPI/DR/670116653873/CHAI POINT/ICIC/chaipoint@paytm/Payment,7852063101,86.00,,8971.00
15-06-2026,15-06-2026,UPI/DR/715421389572/UBER INDIA/YESB/uber@ybl/Payment,6058440029,208.00,,8763.00
16-06-2026,16-06-2026,UPI/DR/445221124854/CHAI POINT/ICIC/chaipoint@okhdfcbank/Payment,2666821457,41.00,,8722.00
17-06-2026,17-06-2026,UPI/DR/642211156115/SWIGGY/YESB/swiggy@ybl/Payment,1987971059,412.00,,8310.00
18-06-2026,18-06-2026,UPI/DR/810530785722/CHAI POINT/ICIC/chaipoint@ybl/Payment,1073615906,41.00,,8269.00
18-06-2026,18-06-2026,UPI/DR/271971505825/CHAI POINT/ICIC/chaipoint@axl/Payment,3725146239,80.00,,8189.00
19-06-2026,19-06-2026,UPI/DR/210804978094/SWIGGY/YESB/swiggy@okhdfcbank/Payment,6974929433,173.00,,8016.00
19-06-2026,19-06-2026,UPI/DR/367787790693/SMAAASH/HDFC/smaaash@ybl/Payment,3420397759,554.00,,7462.00
20-06-2026,20-06-2026,UPI/DR/622237345566/RAPIDO/AXIS/rapido@paytm/Payment,5489088131,117.00,,7345.00
20-06-2026,20-06-2026,UPI/DR/208255208267/WOW MOMO/HDFC/wowmomo@ybl/Payment,4259595985,186.00,,7159.00
22-06-2026,22-06-2026,UPI/DR/252198813437/SWIGGY/YESB/swiggy@ybl/Payment,3375942113,210.00,,6949.00
22-06-2026,22-06-2026,UPI/DR/671655111775/SWIGGY/YESB/swiggy@axl/Payment,3978233491,250.00,,6699.00
23-06-2026,23-06-2026,UPI/DR/911775107222/ZOMATO LTD/HDFC/zomato@paytm/Payment,8900473084,222.00,,6477.00
23-06-2026,23-06-2026,UPI/DR/828785690900/CHAI POINT/ICIC/chaipoint@axl/Payment,6160493449,76.00,,6401.00
24-06-2026,24-06-2026,UPI/DR/795768429139/APOLLO PHARMACY/HDFC/apollo@paytm/Payment,9400746058,125.00,,6276.00
27-06-2026,27-06-2026,UPI/DR/857395402537/ZOMATO LTD/HDFC/zomato@paytm/Payment,7566245175,273.00,,6003.00
27-06-2026,27-06-2026,UPI/DR/545884457479/CHAI POINT/ICIC/chaipoint@paytm/Payment,7587575133,65.00,,5938.00
27-06-2026,27-06-2026,UPI/DR/755371102032/RAPIDO/AXIS/rapido@axl/Payment,6195351581,125.00,,5813.00
27-06-2026,27-06-2026,UPI/DR/316352252630/UBER INDIA/YESB/uber@ybl/Payment,5578745421,233.00,,5580.00
01-07-2026,01-07-2026,IMPS/P2A/970607806472/MONTHLY ALLOWANCE/SBIN,3739648475,,8000.00,13580.00
01-07-2026,01-07-2026,UPI/DR/311756937011/CHAI POINT/ICIC/chaipoint@ybl/Payment,3788861195,55.00,,13525.00
02-07-2026,02-07-2026,UPI/DR/598356215941/AIRTEL PREPAID/AIRP/airtelpre@ybl/Payment,5419529783,299.00,,13226.00
02-07-2026,02-07-2026,UPI/DR/694568208620/CHAI POINT/ICIC/chaipoint@okhdfcbank/Payment,3121682888,44.00,,13182.00
02-07-2026,02-07-2026,UPI/DR/908327308742/RAPIDO/AXIS/rapido@ybl/Payment,2538465183,73.00,,13109.00
03-07-2026,03-07-2026,NEFT/N231928388318/SUNRISE PG HOSTEL RENT,2176876782,6500.00,,6609.00
03-07-2026,03-07-2026,UPI/DR/800440570653/ZOMATO LTD/HDFC/zomato@axl/Payment,1107902842,227.00,,6382.00
03-07-2026,03-07-2026,UPI/DR/978411541688/RAPIDO/AXIS/rapido@okhdfcbank/Payment,4229713715,62.00,,6320.00
04-07-2026,04-07-2026,UPI/DR/458169692895/SWIGGY/YESB/swiggy@paytm/Payment,9284678131,198.00,,6122.00
05-07-2026,05-07-2026,NEFT/N509073540408/INTERNSHIP STIPEND ACME LABS,9169903592,,15000.00,21122.00
06-07-2026,06-07-2026,UPI/DR/217372935335/CHAI POINT/ICIC/chaipoint@ybl/Payment,4382619582,62.00,,21060.00
06-07-2026,06-07-2026,UPI/DR/835725842236/RAPIDO/AXIS/rapido@axl/Payment,2883310285,114.00,,20946.00
07-07-2026,07-07-2026,UPI/DR/996428377744/SPOTIFY INDIA/YESB/spotify@axl/Payment,6670429554,119.00,,20827.00
08-07-2026,08-07-2026,UPI/DR/686302806343/SWIGGY/YESB/swiggy@okhdfcbank/Payment,5148914470,410.00,,20417.00
09-07-2026,09-07-2026,ACH D- NETFLIX ENTERTAINMENT-5670951,9310111720,199.00,,20218.00
09-07-2026,09-07-2026,UPI/DR/727032660246/SWIGGY/YESB/swiggy@paytm/Payment,9032147559,242.00,,19976.00
09-07-2026,09-07-2026,UPI/DR/814889709421/CHAI POINT/ICIC/chaipoint@okhdfcbank/Payment,5371875619,66.00,,19910.00
10-07-2026,10-07-2026,UPI/DR/446247292744/RAPIDO/AXIS/rapido@paytm/Payment,8662462652,115.00,,19795.00
13-07-2026,13-07-2026,UPI/DR/191431207645/SWIGGY/YESB/swiggy@okhdfcbank/Payment,2992072532,403.00,,19392.00
14-07-2026,14-07-2026,UPI/DR/650496269365/SWIGGY/YESB/swiggy@paytm/Payment,2505695745,361.00,,19031.00
14-07-2026,14-07-2026,UPI/DR/738751021828/ZOMATO LTD/HDFC/zomato@axl/Payment,1735334043,359.00,,18672.00
16-07-2026,16-07-2026,UPI/DR/614321990749/SWIGGY/YESB/swiggy@okhdfcbank/Payment,2912597332,348.00,,18324.00
16-07-2026,16-07-2026,UPI/DR/994419929958/CHAI POINT/ICIC/chaipoint@okhdfcbank/Payment,4880224390,82.00,,18242.00
16-07-2026,16-07-2026,UPI/DR/655507515128/RAPIDO/AXIS/rapido@axl/Payment,2282938705,85.00,,18157.00
16-07-2026,16-07-2026,UPI/DR/936418784178/WOW MOMO/HDFC/wowmomo@okhdfcbank/Payment,8381942334,210.00,,17947.00
17-07-2026,17-07-2026,UPI/DR/119935380945/UBER INDIA/YESB/uber@paytm/Payment,7735500832,302.00,,17645.00
17-07-2026,17-07-2026,UPI/DR/739483197663/SMAAASH/HDFC/smaaash@paytm/Payment,5404711279,437.00,,17208.00
18-07-2026,18-07-2026,UPI/DR/394996088708/UBER INDIA/YESB/uber@paytm/Payment,1478357910,291.00,,16917.00
18-07-2026,18-07-2026,UPI/DR/388779926921/BLINKIT/HDFC/blinkit@ybl/Payment,4636689809,171.00,,16746.00
18-07-2026,18-07-2026,UPI/DR/793659182453/BLINKIT/HDFC/blinkit@ybl/Payment,4994989429,125.00,,16621.00
18-07-2026,18-07-2026,UPI/DR/295978583746/AMAZON/YESB/amazon@paytm/Payment,1075222337,962.00,,15659.00
21-07-2026,21-07-2026,UPI/DR/631331674746/RAPIDO/AXIS/rapido@paytm/Payment,9703099810,123.00,,15536.00
22-07-2026,22-07-2026,UPI/DR/384968572253/9876543210@ybl/SBIN,9538185175,500.00,,15036.00
23-07-2026,23-07-2026,UPI/DR/788143209306/CHAI POINT/ICIC/chaipoint@paytm/Payment,5410048953,77.00,,14959.00
24-07-2026,24-07-2026,UPI/DR/586475151207/TORRENT POWER/HDFC/torrentpower@paytm/Payment,3206934831,680.00,,14279.00
31-07-2026,31-07-2026,UPI/DR/452315924719/ZOMATO LTD/HDFC/zomato@ybl/Payment,1240280592,203.00,,14076.00
31-07-2026,31-07-2026,UPI/DR/348456732622/RAPIDO/AXIS/rapido@okhdfcbank/Payment,5698014005,71.00,,14005.00
01-08-2026,01-08-2026,IMPS/P2A/725281168728/MONTHLY ALLOWANCE/SBIN,1885860293,,8000.00,22005.00
02-08-2026,02-08-2026,UPI/DR/449430740519/AIRTEL PREPAID/AIRP/airtelpre@axl/Payment,8306452207,299.00,,21706.00
02-08-2026,02-08-2026,UPI/DR/273968939077/UBER INDIA/YESB/uber@axl/Payment,7819702707,259.00,,21447.00
03-08-2026,03-08-2026,NEFT/N384103045381/SUNRISE PG HOSTEL RENT,2480135766,6500.00,,14947.00
03-08-2026,03-08-2026,UPI/DR/756077390962/SWIGGY/YESB/swiggy@paytm/Payment,4027661724,219.00,,14728.00
05-08-2026,05-08-2026,NEFT/N549771544642/INTERNSHIP STIPEND ACME LABS,4964937580,,15000.00,29728.00
05-08-2026,05-08-2026,UPI/DR/726585447183/SWIGGY/YESB/swiggy@ybl/Payment,5663462658,208.00,,29520.00
06-08-2026,06-08-2026,UPI/DR/695314472419/CHAI POINT/ICIC/chaipoint@paytm/Payment,5612088537,43.00,,29477.00
07-08-2026,07-08-2026,UPI/DR/477488720963/SPOTIFY INDIA/YESB/spotify@okhdfcbank/Payment,5721092695,119.00,,29358.00
07-08-2026,07-08-2026,UPI/DR/618779997613/UBER INDIA/YESB/uber@okhdfcbank/Payment,1008665360,158.00,,29200.00
08-08-2026,08-08-2026,UPI/DR/723212466819/ZOMATO LTD/HDFC/zomato@paytm/Payment,6432023065,187.00,,29013.00
09-08-2026,09-08-2026,ACH D- NETFLIX ENTERTAINMENT-2254293,6147427902,199.00,,28814.00
09-08-2026,09-08-2026,UPI/DR/962284150182/ZOMATO LTD/HDFC/zomato@okhdfcbank/Payment,6767693734,378.00,,28436.00
10-08-2026,10-08-2026,UPI/DR/519663914247/WOW MOMO/HDFC/wowmomo@ybl/Payment,5734563340,158.00,,28278.00
11-08-2026,11-08-2026,UPI/DR/942070937071/RAPIDO/AXIS/rapido@axl/Payment,6205307992,70.00,,28208.00
11-08-2026,11-08-2026,UPI/DR/853545862624/BOOKMYSHOW/ICIC/bookmyshow@axl/Payment,3342081156,351.00,,27857.00
12-08-2026,12-08-2026,UPI/DR/536024636677/CHAI POINT/ICIC/chaipoint@okhdfcbank/Payment,4344563204,78.00,,27779.00
13-08-2026,13-08-2026,UPI/DR/514477151764/SWIGGY/YESB/swiggy@okhdfcbank/Payment,3873306237,227.00,,27552.00
13-08-2026,13-08-2026,UPI/DR/921755607824/ZOMATO LTD/HDFC/zomato@okhdfcbank/Payment,8247079438,290.00,,27262.00
14-08-2026,14-08-2026,UPI/DR/290502258634/SWIGGY/YESB/swiggy@paytm/Payment,3827707070,360.00,,26902.00
14-08-2026,14-08-2026,UPI/DR/676822413592/CHAI POINT/ICIC/chaipoint@ybl/Payment,6112271340,43.00,,26859.00
15-08-2026,15-08-2026,UPI/DR/724486556614/RAPIDO/AXIS/rapido@axl/Payment,1239056644,123.00,,26736.00
15-08-2026,15-08-2026,UPI/DR/384962831344/RAPIDO/AXIS/rapido@axl/Payment,3285652544,56.00,,26680.00
17-08-2026,17-08-2026,UPI/DR/412409921586/CHAI POINT/ICIC/chaipoint@okhdfcbank/Payment,2280689606,89.00,,26591.00
18-08-2026,18-08-2026,UPI/DR/712183866343/RAPIDO/AXIS/rapido@okhdfcbank/Payment,8358344500,89.00,,26502.00
18-08-2026,18-08-2026,UPI/CR/355523287926/REFUND AMAZON/YESB,2530374796,,499.00,27001.00
19-08-2026,19-08-2026,UPI/DR/451583346751/BEWAKOOF/AXIS/bewakoof@okhdfcbank/Payment,8585899487,619.00,,26382.00
22-08-2026,22-08-2026,UPI/DR/306769171768/RAPIDO/AXIS/rapido@okhdfcbank/Payment,2433453762,111.00,,26271.00
23-08-2026,23-08-2026,UPI/DR/311992458312/RAPIDO/AXIS/rapido@okhdfcbank/Payment,7373292628,75.00,,26196.00
25-08-2026,25-08-2026,UPI/DR/895385050818/SWIGGY/YESB/swiggy@axl/Payment,2916045573,265.00,,25931.00
25-08-2026,25-08-2026,UPI/DR/485666613851/SNITCH/YESB/snitch@okhdfcbank/Payment,1424011806,1194.00,,24737.00
26-08-2026,26-08-2026,UPI/DR/540439838484/APOLLO PHARMACY/HDFC/apollo@okhdfcbank/Payment,9087036971,319.00,,24418.00
27-08-2026,27-08-2026,UPI/DR/360888643148/RAPIDO/AXIS/rapido@axl/Payment,6952606456,56.00,,24362.00
27-08-2026,27-08-2026,UPI/DR/452758336499/BLINKIT/HDFC/blinkit@okhdfcbank/Payment,5556896234,306.00,,24056.00
27-08-2026,27-08-2026,UPI/DR/389688468891/BLINKIT/HDFC/blinkit@ybl/Payment,7511170540,329.00,,23727.00
29-08-2026,29-08-2026,UPI/DR/552500302688/AMAZON/YESB/amazon@paytm/Payment,1384670708,691.00,,23036.00
30-08-2026,30-08-2026,UPI/DR/329328841718/SWIGGY/YESB/swiggy@axl/Payment,1785466613,345.00,,22691.00
30-08-2026,30-08-2026,UPI/DR/270694135758/CHAI POINT/ICIC/chaipoint@paytm/Payment,2064267210,57.00,,22634.00
30-08-2026,30-08-2026,UPI/DR/185692959082/CHAI POINT/ICIC/chaipoint@ybl/Payment,1234570252,84.00,,22550.00
01-09-2026,01-09-2026,IMPS/P2A/205317930629/MONTHLY ALLOWANCE/SBIN,6857234946,,8000.00,30550.00
01-09-2026,01-09-2026,UPI/DR/445239173269/SWIGGY/YESB/swiggy@ybl/Payment,1345504507,351.00,,30199.00
02-09-2026,02-09-2026,UPI/DR/889101657416/AIRTEL PREPAID/AIRP/airtelpre@ybl/Payment,2263431977,299.00,,29900.00
02-09-2026,02-09-2026,UPI/DR/849811817467/RAPIDO/AXIS/rapido@axl/Payment,3561278577,103.00,,29797.00
02-09-2026,02-09-2026,UPI/DR/313962704491/AMAZON/YESB/amazon@paytm/Payment,2263567710,593.00,,29204.00
03-09-2026,03-09-2026,NEFT/N387735426764/SUNRISE PG HOSTEL RENT,9310966009,6500.00,,22704.00
03-09-2026,03-09-2026,UPI/DR/154963011143/BEWAKOOF/AXIS/bewakoof@okhdfcbank/Payment,9850936424,756.00,,21948.00
05-09-2026,05-09-2026,NEFT/N667612933772/INTERNSHIP STIPEND ACME LABS,1808607836,,15000.00,36948.00
05-09-2026,05-09-2026,UPI/DR/942595631503/CHAI POINT/ICIC/chaipoint@okhdfcbank/Payment,7522835739,66.00,,36882.00
06-09-2026,06-09-2026,UPI/DR/595797825555/SWIGGY/YESB/swiggy@okhdfcbank/Payment,4787046444,345.00,,36537.00
07-09-2026,07-09-2026,UPI/DR/126387986953/SPOTIFY INDIA/YESB/spotify@paytm/Payment,2450177592,119.00,,36418.00
07-09-2026,07-09-2026,UPI/DR/174323832619/RAPIDO/AXIS/rapido@axl/Payment,7156310172,64.00,,36354.00
08-09-2026,08-09-2026,UPI/DR/373381126065/RAPIDO/AXIS/rapido@ybl/Payment,9580877028,83.00,,36271.00
09-09-2026,09-09-2026,ACH D- NETFLIX ENTERTAINMENT-2683330,6370397892,199.00,,36072.00
09-09-2026,09-09-2026,UPI/DR/410067826378/ZOMATO LTD/HDFC/zomato@okhdfcbank/Payment,9729200140,350.00,,35722.00
09-09-2026,09-09-2026,UPI/DR/906974636812/BLINKIT/HDFC/blinkit@okhdfcbank/Payment,8002104204,461.00,,35261.00
11-09-2026,11-09-2026,UPI/DR/801207249355/BOOKMYSHOW/ICIC/bookmyshow@paytm/Payment,7409522998,182.00,,35079.00
12-09-2026,12-09-2026,UPI/DR/145416394076/SWIGGY/YESB/swiggy@okhdfcbank/Payment,9119948583,174.00,,34905.00
12-09-2026,12-09-2026,UPI/DR/771964379133/SWIGGY/YESB/swiggy@axl/Payment,1326611171,167.00,,34738.00
12-09-2026,12-09-2026,UPI/DR/991273200072/RAPIDO/AXIS/rapido@ybl/Payment,3248153482,122.00,,34616.00
12-09-2026,12-09-2026,UPI/DR/122688398794/UBER INDIA/YESB/uber@paytm/Payment,3570017079,282.00,,34334.00
14-09-2026,14-09-2026,UPI/DR/564548184265/ZOMATO LTD/HDFC/zomato@paytm/Payment,5204381362,308.00,,34026.00
14-09-2026,14-09-2026,UPI/DR/190703694991/ZOMATO LTD/HDFC/zomato@ybl/Payment,6669250793,381.00,,33645.00
14-09-2026,14-09-2026,UPI/DR/443906256832/RAPIDO/AXIS/rapido@okhdfcbank/Payment,2121010578,77.00,,33568.00
15-09-2026,15-09-2026,UPI/DR/466306564030/MYNTRA/ICIC/myntra@okhdfcbank/Payment,7115109745,537.00,,33031.00
16-09-2026,16-09-2026,UPI/DR/496687102360/CHAAYOS/ICIC/chaayos@axl/Payment,7770695801,198.00,,32833.00
19-09-2026,19-09-2026,UPI/DR/913375929345/CHAI POINT/ICIC/chaipoint@axl/Payment,3667772764,66.00,,32767.00
19-09-2026,19-09-2026,UPI/DR/797407757304/RAPIDO/AXIS/rapido@okhdfcbank/Payment,7036913264,115.00,,32652.00
20-09-2026,20-09-2026,UPI/DR/277932394262/BLINKIT/HDFC/blinkit@ybl/Payment,8280825767,185.00,,32467.00
22-09-2026,22-09-2026,UPI/DR/841890044908/SWIGGY/YESB/swiggy@paytm/Payment,2921235587,387.00,,32080.00
22-09-2026,22-09-2026,UPI/DR/504906274955/CHAI POINT/ICIC/chaipoint@axl/Payment,8650701270,72.00,,32008.00
22-09-2026,22-09-2026,UPI/DR/828956250100/CHAI POINT/ICIC/chaipoint@paytm/Payment,4693964526,53.00,,31955.00
25-09-2026,25-09-2026,UPI/DR/301101993366/CHAI POINT/ICIC/chaipoint@okhdfcbank/Payment,9194372312,73.00,,31882.00
25-09-2026,25-09-2026,UPI/DR/396519227217/CHAI POINT/ICIC/chaipoint@paytm/Payment,6702739741,76.00,,31806.00
26-09-2026,26-09-2026,UPI/DR/524747284857/UBER INDIA/YESB/uber@okhdfcbank/Payment,7524484103,265.00,,31541.00
26-09-2026,26-09-2026,POS 4567XXXX1234 CROMA RETAIL,8699959406,8999.00,,22542.00
27-09-2026,27-09-2026,UPI/DR/409759882860/SNITCH/YESB/snitch@ybl/Payment,4588877799,1513.00,,21029.00
28-09-2026,28-09-2026,UPI/DR/361497878887/RAPIDO/AXIS/rapido@ybl/Payment,2331596952,115.00,,20914.00
30-09-2026,30-09-2026,UPI/DR/261040427086/SWIGGY/YESB/swiggy@ybl/Payment,2829880004,267.00,,20647.00
,,CLOSING BALANCE,,,,20647.00
